category,operation,implementation,ok,time_ms,summary,error
Centrality,Degree centrality,TGraph,True,1.2012999504804611,"list(len=4624, head=[0.000649, 0.000649, 0.000865, 0.000649, 0.000649, 0.000865, 0.000865, 0.000865])",
Centrality,Degree centrality,NetworkX,True,0.7535999175161123,"list(len=4624, head=[0.0006489292667099287, 0.0006489292667099287, 0.0008652390222799049, 0.0006489292667099287, 0.0006489292667099287, 0.0008652390222799049, 0.0008652390222799049, 0.0008652390222799049])",
